variant,K,day,human,machine
global,10,0,0,10
global,10,1,0,10
global,10,2,0,10
global,10,3,0,10
global,10,4,0,10
global,10,5,0,10
global,10,6,0,10
global,10,7,0,10
global,10,8,0,10
global,10,9,0,10
global,10,10,0,10
global,10,11,0,10
global,10,12,0,10
global,10,13,0,10
global,10,14,0,10
global,10,15,0,10
global,10,16,0,10
global,10,17,0,10
global,10,18,0,10
global,10,19,0,10
global,10,20,0,10
global,10,21,0,10
global,10,22,0,10
global,10,23,0,10
global,10,24,0,10
global,10,25,0,10
global,10,26,0,10
global,10,27,0,10
global,10,28,0,10
global,10,29,0,10
global,10,30,0,10
global,10,31,0,10
global,10,32,0,10
global,10,33,0,10
global,10,34,0,10
global,10,35,0,10
global,10,36,0,10
global,10,37,0,10
global,10,38,0,10
global,10,39,0,10
global,10,40,0,10
global,10,41,0,10
global,10,42,0,10
global,10,43,0,10
global,10,44,0,10
global,10,45,0,10
global,10,46,0,10
global,10,47,0,10
global,10,48,0,10
global,10,49,0,10
global,10,50,0,10
global,10,51,0,10
global,10,52,0,10
global,10,53,0,10
global,10,54,0,10
global,10,55,0,10
global,10,56,0,10
global,10,57,0,10
global,50,0,3,47
global,50,1,0,50
global,50,2,7,43
global,50,3,32,18
global,50,4,26,24
global,50,5,5,45
global,50,6,0,50
global,50,7,7,43
global,50,8,2,48
global,50,9,0,50
global,50,10,5,45
global,50,11,10,40
global,50,12,0,50
global,50,13,0,50
global,50,14,0,50
global,50,15,0,50
global,50,16,0,50
global,50,17,24,26
global,50,18,23,27
global,50,19,1,49
global,50,20,0,50
global,50,21,0,50
global,50,22,0,50
global,50,23,0,50
global,50,24,14,36
global,50,25,18,32
global,50,26,0,50
global,50,27,1,49
global,50,28,23,27
global,50,29,20,30
global,50,30,29,21
global,50,31,27,23
global,50,32,32,18
global,50,33,21,29
global,50,34,0,50
global,50,35,0,50
global,50,36,0,50
global,50,37,0,50
global,50,38,27,23
global,50,39,27,23
global,50,40,0,50
global,50,41,12,38
global,50,42,6,44
global,50,43,0,50
global,50,44,7,43
global,50,45,32,18
global,50,46,29,21
global,50,47,5,45
global,50,48,9,41
global,50,49,0,50
global,50,50,0,50
global,50,51,0,50
global,50,52,28,22
global,50,53,32,18
global,50,54,29,21
global,50,55,12,38
global,50,56,14,36
global,50,57,0,50
global,100,0,17,83
global,100,1,0,100
global,100,2,12,88
global,100,3,82,18
global,100,4,68,32
global,100,5,22,78
global,100,6,27,73
global,100,7,35,65
global,100,8,29,71
global,100,9,0,100
global,100,10,26,74
global,100,11,39,61
global,100,12,0,100
global,100,13,8,92
global,100,14,0,100
global,100,15,41,59
global,100,16,39,61
global,100,17,72,28
global,100,18,68,32
global,100,19,7,93
global,100,20,24,76
global,100,21,10,90
global,100,22,19,81
global,100,23,0,100
global,100,24,48,52
global,100,25,60,40
global,100,26,21,79
global,100,27,51,49
global,100,28,52,48
global,100,29,39,61
global,100,30,38,62
global,100,31,67,33
global,100,32,64,36
global,100,33,27,73
global,100,34,10,90
global,100,35,24,76
global,100,36,0,100
global,100,37,0,100
global,100,38,59,41
global,100,39,65,35
global,100,40,39,61
global,100,41,62,38
global,100,42,39,61
global,100,43,0,100
global,100,44,21,79
global,100,45,79,21
global,100,46,76,24
global,100,47,22,78
global,100,48,59,41
global,100,49,0,100
global,100,50,0,100
global,100,51,18,82
global,100,52,72,28
global,100,53,73,27
global,100,54,60,40
global,100,55,32,68
global,100,56,30,70
global,100,57,0,100
global,500,0,103,397
global,500,1,45,455
global,500,2,62,438
global,500,3,225,275
global,500,4,214,286
global,500,5,115,385
global,500,6,105,395
global,500,7,150,350
global,500,8,96,404
global,500,9,0,500
global,500,10,107,393
global,500,11,223,277
global,500,12,12,488
global,500,13,60,440
global,500,14,164,336
global,500,15,182,318
global,500,16,159,341
global,500,17,211,289
global,500,18,201,299
global,500,19,104,396
global,500,20,66,434
global,500,21,106,394
global,500,22,108,392
global,500,23,49,451
global,500,24,214,286
global,500,25,222,278
global,500,26,82,418
global,500,27,112,388
global,500,28,139,361
global,500,29,146,354
global,500,30,155,345
global,500,31,292,208
global,500,32,289,211
global,500,33,60,440
global,500,34,39,461
global,500,35,68,432
global,500,36,35,465
global,500,37,163,337
global,500,38,269,231
global,500,39,257,243
global,500,40,197,303
global,500,41,221,279
global,500,42,192,308
global,500,43,118,382
global,500,44,114,386
global,500,45,312,188
global,500,46,356,144
global,500,47,335,165
global,500,48,211,289
global,500,49,56,444
global,500,50,69,431
global,500,51,99,401
global,500,52,238,262
global,500,53,318,182
global,500,54,192,308
global,500,55,219,281
global,500,56,173,327
global,500,57,201,299
global,1000,0,222,778
global,1000,1,120,880
global,1000,2,147,853
global,1000,3,262,738
global,1000,4,251,749
global,1000,5,218,782
global,1000,6,211,789
global,1000,7,256,744
global,1000,8,197,803
global,1000,9,16,984
global,1000,10,162,838
global,1000,11,305,695
global,1000,12,44,956
global,1000,13,120,880
global,1000,14,206,794
global,1000,15,262,738
global,1000,16,312,688
global,1000,17,247,753
global,1000,18,229,771
global,1000,19,168,832
global,1000,20,121,879
global,1000,21,184,816
global,1000,22,225,775
global,1000,23,144,856
global,1000,24,248,752
global,1000,25,267,733
global,1000,26,161,839
global,1000,27,194,806
global,1000,28,228,772
global,1000,29,313,687
global,1000,30,332,668
global,1000,31,331,669
global,1000,32,347,653
global,1000,33,116,884
global,1000,34,73,927
global,1000,35,142,858
global,1000,36,122,878
global,1000,37,357,643
global,1000,38,346,654
global,1000,39,317,683
global,1000,40,339,661
global,1000,41,369,631
global,1000,42,364,636
global,1000,43,214,786
global,1000,44,260,740
global,1000,45,399,601
global,1000,46,521,479
global,1000,47,475,525
global,1000,48,352,648
global,1000,49,81,919
global,1000,50,125,875
global,1000,51,203,797
global,1000,52,310,690
global,1000,53,527,473
global,1000,54,321,679
global,1000,55,385,615
global,1000,56,332,668
global,1000,57,395,605
